Camera ID,tx,ty,tz,qw,qx,qy,qz
7,0,0,0,1,0,0,0
8,-0.396301195473233,-0.0185451679760968,0.00952067680698438,0.99993474613251,-0.00706547050695404,-0.00687626846898715,0.00577057496014507
9,-0.794145782604445,-0.0255043449177797,0.00218662376986067,0.999895381327104,-0.0070057745530727,-0.00885545233724407,0.00904027032445531
10,-1.05335318591724,-0.0244326108708615,0.171729533437121,0.966001560914017,-0.0230178120157993,0.257479439244382,0.00393738594580626
